Site,JFSPSite,RSNSite,Age,Age_Class,Slope,Aspect,Elevation,Moisture,Moisture_Class,Avg_activelayer,PermaPresent,Surficial_Geology,Topo_Position,Ecoregion,Burn_Severity,SeverityClass,Soil_pH,TSFpost,TimeSinceFire,Notes,Layer
TKN0230,BF61,BFY8,Young,1,1,185,695,MESIC,4,60.25,1,4,5,Yukon-Tanana Uplands,low,1,4.9,15,69,,Mesic
TKN0230,BF61,BFY8,Young,1,1,185,695,MESIC,4,60.25,1,4,5,Yukon-Tanana Uplands,low,1,4.9,15,69,,Fibric
TKN0230,BF61,BFY8,Young,1,1,185,695,MESIC,4,60.25,1,4,5,Yukon-Tanana Uplands,low,1,4.9,15,69,,ColonizerMoss
TKN0230,BF61,BFY8,Young,1,1,185,695,MESIC,4,60.25,1,4,5,Yukon-Tanana Uplands,low,1,4.9,15,69,,FeatherMoss
TKN0230,BF61,BFY8,Young,1,1,185,695,MESIC,4,60.25,1,4,5,Yukon-Tanana Uplands,low,1,4.9,15,69,,SphagnumMoss
TKN0230,BF61,BFY8,Young,1,1,185,695,MESIC,4,60.25,1,4,5,Yukon-Tanana Uplands,low,1,4.9,15,69,,Lichen
TKN0230,BF61,BFY8,Young,1,1,185,695,MESIC,4,60.25,1,4,5,Yukon-Tanana Uplands,low,1,4.9,15,69,,EvergreenLeaf
TKN0230,BF61,BFY8,Young,1,1,185,695,MESIC,4,60.25,1,4,5,Yukon-Tanana Uplands,low,1,4.9,15,69,,DeciduousLeaf
TKN0230,BF61,BFY8,Young,1,1,185,695,MESIC,4,60.25,1,4,5,Yukon-Tanana Uplands,low,1,4.9,15,69,,Graminoid
TKN0230,BF61,BFY8,Young,1,1,185,695,MESIC,4,60.25,1,4,5,Yukon-Tanana Uplands,low,1,4.9,15,69,,Forb
TKN0230,BF61,BFY8,Young,1,1,185,695,MESIC,4,60.25,1,4,5,Yukon-Tanana Uplands,low,1,4.9,15,69,,TallDeciduousShrub
TKN0230,BF61,BFY8,Young,1,1,185,695,MESIC,4,60.25,1,4,5,Yukon-Tanana Uplands,low,1,4.9,15,69,,DeadDownedWood
TKN0230,BF61,BFY8,Young,1,1,185,695,MESIC,4,60.25,1,4,5,Yukon-Tanana Uplands,low,1,4.9,15,69,,Seedling
TKN0230,BF61,BFY8,Young,1,1,185,695,MESIC,4,60.25,1,4,5,Yukon-Tanana Uplands,low,1,4.9,15,69,,EvergreenTree
TKN0230,BF61,BFY8,Young,1,1,185,695,MESIC,4,60.25,1,4,5,Yukon-Tanana Uplands,low,1,4.9,15,69,,DeciduousTree
TKN0105,BF62,,Young,1,7,140,720,SUBXERIC/MESIC,3,74,1,,,Yukon-Tanana Uplands,low,1,4.7,15,66,Hit rock during active layer measurement. Active layer value is the average from other sites with subxeric/mesic moisture.,Mesic
TKN0105,BF62,,Young,1,7,140,720,SUBXERIC/MESIC,3,74,1,,,Yukon-Tanana Uplands,low,1,4.7,15,66,Hit rock during active layer measurement. Active layer value is the average from other sites with subxeric/mesic moisture.,Fibric
TKN0105,BF62,,Young,1,7,140,720,SUBXERIC/MESIC,3,74,1,,,Yukon-Tanana Uplands,low,1,4.7,15,66,Hit rock during active layer measurement. Active layer value is the average from other sites with subxeric/mesic moisture.,ColonizerMoss
TKN0105,BF62,,Young,1,7,140,720,SUBXERIC/MESIC,3,74,1,,,Yukon-Tanana Uplands,low,1,4.7,15,66,Hit rock during active layer measurement. Active layer value is the average from other sites with subxeric/mesic moisture.,FeatherMoss
TKN0105,BF62,,Young,1,7,140,720,SUBXERIC/MESIC,3,74,1,,,Yukon-Tanana Uplands,low,1,4.7,15,66,Hit rock during active layer measurement. Active layer value is the average from other sites with subxeric/mesic moisture.,SphagnumMoss
TKN0105,BF62,,Young,1,7,140,720,SUBXERIC/MESIC,3,74,1,,,Yukon-Tanana Uplands,low,1,4.7,15,66,Hit rock during active layer measurement. Active layer value is the average from other sites with subxeric/mesic moisture.,Lichen
TKN0105,BF62,,Young,1,7,140,720,SUBXERIC/MESIC,3,74,1,,,Yukon-Tanana Uplands,low,1,4.7,15,66,Hit rock during active layer measurement. Active layer value is the average from other sites with subxeric/mesic moisture.,EvergreenLeaf
TKN0105,BF62,,Young,1,7,140,720,SUBXERIC/MESIC,3,74,1,,,Yukon-Tanana Uplands,low,1,4.7,15,66,Hit rock during active layer measurement. Active layer value is the average from other sites with subxeric/mesic moisture.,DeciduousLeaf
TKN0105,BF62,,Young,1,7,140,720,SUBXERIC/MESIC,3,74,1,,,Yukon-Tanana Uplands,low,1,4.7,15,66,Hit rock during active layer measurement. Active layer value is the average from other sites with subxeric/mesic moisture.,Graminoid
TKN0105,BF62,,Young,1,7,140,720,SUBXERIC/MESIC,3,74,1,,,Yukon-Tanana Uplands,low,1,4.7,15,66,Hit rock during active layer measurement. Active layer value is the average from other sites with subxeric/mesic moisture.,Forb
TKN0105,BF62,,Young,1,7,140,720,SUBXERIC/MESIC,3,74,1,,,Yukon-Tanana Uplands,low,1,4.7,15,66,Hit rock during active layer measurement. Active layer value is the average from other sites with subxeric/mesic moisture.,TallDeciduousShrub
TKN0105,BF62,,Young,1,7,140,720,SUBXERIC/MESIC,3,74,1,,,Yukon-Tanana Uplands,low,1,4.7,15,66,Hit rock during active layer measurement. Active layer value is the average from other sites with subxeric/mesic moisture.,DeadDownedWood
TKN0105,BF62,,Young,1,7,140,720,SUBXERIC/MESIC,3,74,1,,,Yukon-Tanana Uplands,low,1,4.7,15,66,Hit rock during active layer measurement. Active layer value is the average from other sites with subxeric/mesic moisture.,Seedling
TKN0105,BF62,,Young,1,7,140,720,SUBXERIC/MESIC,3,74,1,,,Yukon-Tanana Uplands,low,1,4.7,15,66,Hit rock during active layer measurement. Active layer value is the average from other sites with subxeric/mesic moisture.,EvergreenTree
TKN0105,BF62,,Young,1,7,140,720,SUBXERIC/MESIC,3,74,1,,,Yukon-Tanana Uplands,low,1,4.7,15,66,Hit rock during active layer measurement. Active layer value is the average from other sites with subxeric/mesic moisture.,DeciduousTree
TKN0104,BF63,BFY9,Young,1,10,170,770,SUBXERIC/MESIC,3,100,1,4,3,Yukon-Tanana Uplands,low,1,4.6,15,71,,Mesic
TKN0104,BF63,BFY9,Young,1,10,170,770,SUBXERIC/MESIC,3,100,1,4,3,Yukon-Tanana Uplands,low,1,4.6,15,71,,Fibric
TKN0104,BF63,BFY9,Young,1,10,170,770,SUBXERIC/MESIC,3,100,1,4,3,Yukon-Tanana Uplands,low,1,4.6,15,71,,ColonizerMoss
TKN0104,BF63,BFY9,Young,1,10,170,770,SUBXERIC/MESIC,3,100,1,4,3,Yukon-Tanana Uplands,low,1,4.6,15,71,,FeatherMoss
TKN0104,BF63,BFY9,Young,1,10,170,770,SUBXERIC/MESIC,3,100,1,4,3,Yukon-Tanana Uplands,low,1,4.6,15,71,,SphagnumMoss
TKN0104,BF63,BFY9,Young,1,10,170,770,SUBXERIC/MESIC,3,100,1,4,3,Yukon-Tanana Uplands,low,1,4.6,15,71,,Lichen
TKN0104,BF63,BFY9,Young,1,10,170,770,SUBXERIC/MESIC,3,100,1,4,3,Yukon-Tanana Uplands,low,1,4.6,15,71,,EvergreenLeaf
TKN0104,BF63,BFY9,Young,1,10,170,770,SUBXERIC/MESIC,3,100,1,4,3,Yukon-Tanana Uplands,low,1,4.6,15,71,,DeciduousLeaf
TKN0104,BF63,BFY9,Young,1,10,170,770,SUBXERIC/MESIC,3,100,1,4,3,Yukon-Tanana Uplands,low,1,4.6,15,71,,Graminoid
TKN0104,BF63,BFY9,Young,1,10,170,770,SUBXERIC/MESIC,3,100,1,4,3,Yukon-Tanana Uplands,low,1,4.6,15,71,,Forb
TKN0104,BF63,BFY9,Young,1,10,170,770,SUBXERIC/MESIC,3,100,1,4,3,Yukon-Tanana Uplands,low,1,4.6,15,71,,TallDeciduousShrub
TKN0104,BF63,BFY9,Young,1,10,170,770,SUBXERIC/MESIC,3,100,1,4,3,Yukon-Tanana Uplands,low,1,4.6,15,71,,DeadDownedWood
TKN0104,BF63,BFY9,Young,1,10,170,770,SUBXERIC/MESIC,3,100,1,4,3,Yukon-Tanana Uplands,low,1,4.6,15,71,,Seedling
TKN0104,BF63,BFY9,Young,1,10,170,770,SUBXERIC/MESIC,3,100,1,4,3,Yukon-Tanana Uplands,low,1,4.6,15,71,,EvergreenTree
TKN0104,BF63,BFY9,Young,1,10,170,770,SUBXERIC/MESIC,3,100,1,4,3,Yukon-Tanana Uplands,low,1,4.6,15,71,,DeciduousTree
TKN0136,BF81,BFY4,Young,1,9,272,260,SUBXERIC/MESIC,3,73.4,1,4,3,Yukon-Tanana Uplands,mod-high,2,4.9,15,176,,Mesic
TKN0136,BF81,BFY4,Young,1,9,272,260,SUBXERIC/MESIC,3,73.4,1,4,3,Yukon-Tanana Uplands,mod-high,2,4.9,15,176,,Fibric
TKN0136,BF81,BFY4,Young,1,9,272,260,SUBXERIC/MESIC,3,73.4,1,4,3,Yukon-Tanana Uplands,mod-high,2,4.9,15,176,,ColonizerMoss
TKN0136,BF81,BFY4,Young,1,9,272,260,SUBXERIC/MESIC,3,73.4,1,4,3,Yukon-Tanana Uplands,mod-high,2,4.9,15,176,,FeatherMoss
TKN0136,BF81,BFY4,Young,1,9,272,260,SUBXERIC/MESIC,3,73.4,1,4,3,Yukon-Tanana Uplands,mod-high,2,4.9,15,176,,SphagnumMoss
TKN0136,BF81,BFY4,Young,1,9,272,260,SUBXERIC/MESIC,3,73.4,1,4,3,Yukon-Tanana Uplands,mod-high,2,4.9,15,176,,Lichen
TKN0136,BF81,BFY4,Young,1,9,272,260,SUBXERIC/MESIC,3,73.4,1,4,3,Yukon-Tanana Uplands,mod-high,2,4.9,15,176,,EvergreenLeaf
TKN0136,BF81,BFY4,Young,1,9,272,260,SUBXERIC/MESIC,3,73.4,1,4,3,Yukon-Tanana Uplands,mod-high,2,4.9,15,176,,DeciduousLeaf
TKN0136,BF81,BFY4,Young,1,9,272,260,SUBXERIC/MESIC,3,73.4,1,4,3,Yukon-Tanana Uplands,mod-high,2,4.9,15,176,,Graminoid
TKN0136,BF81,BFY4,Young,1,9,272,260,SUBXERIC/MESIC,3,73.4,1,4,3,Yukon-Tanana Uplands,mod-high,2,4.9,15,176,,Forb
TKN0136,BF81,BFY4,Young,1,9,272,260,SUBXERIC/MESIC,3,73.4,1,4,3,Yukon-Tanana Uplands,mod-high,2,4.9,15,176,,TallDeciduousShrub
TKN0136,BF81,BFY4,Young,1,9,272,260,SUBXERIC/MESIC,3,73.4,1,4,3,Yukon-Tanana Uplands,mod-high,2,4.9,15,176,,DeadDownedWood
TKN0136,BF81,BFY4,Young,1,9,272,260,SUBXERIC/MESIC,3,73.4,1,4,3,Yukon-Tanana Uplands,mod-high,2,4.9,15,176,,Seedling
TKN0136,BF81,BFY4,Young,1,9,272,260,SUBXERIC/MESIC,3,73.4,1,4,3,Yukon-Tanana Uplands,mod-high,2,4.9,15,176,,EvergreenTree
TKN0136,BF81,BFY4,Young,1,9,272,260,SUBXERIC/MESIC,3,73.4,1,4,3,Yukon-Tanana Uplands,mod-high,2,4.9,15,176,,DeciduousTree
TKN0229,DC30,,Young,1,3,158,550,SUBXERIC,2,85,1,,,Ray Mountains,high,3,4.9,15,70,,Mesic
TKN0229,DC30,,Young,1,3,158,550,SUBXERIC,2,85,1,,,Ray Mountains,high,3,4.9,15,70,,Fibric
TKN0229,DC30,,Young,1,3,158,550,SUBXERIC,2,85,1,,,Ray Mountains,high,3,4.9,15,70,,ColonizerMoss
TKN0229,DC30,,Young,1,3,158,550,SUBXERIC,2,85,1,,,Ray Mountains,high,3,4.9,15,70,,FeatherMoss
TKN0229,DC30,,Young,1,3,158,550,SUBXERIC,2,85,1,,,Ray Mountains,high,3,4.9,15,70,,SphagnumMoss
TKN0229,DC30,,Young,1,3,158,550,SUBXERIC,2,85,1,,,Ray Mountains,high,3,4.9,15,70,,Lichen
TKN0229,DC30,,Young,1,3,158,550,SUBXERIC,2,85,1,,,Ray Mountains,high,3,4.9,15,70,,EvergreenLeaf
TKN0229,DC30,,Young,1,3,158,550,SUBXERIC,2,85,1,,,Ray Mountains,high,3,4.9,15,70,,DeciduousLeaf
TKN0229,DC30,,Young,1,3,158,550,SUBXERIC,2,85,1,,,Ray Mountains,high,3,4.9,15,70,,Graminoid
TKN0229,DC30,,Young,1,3,158,550,SUBXERIC,2,85,1,,,Ray Mountains,high,3,4.9,15,70,,Forb
TKN0229,DC30,,Young,1,3,158,550,SUBXERIC,2,85,1,,,Ray Mountains,high,3,4.9,15,70,,TallDeciduousShrub
TKN0229,DC30,,Young,1,3,158,550,SUBXERIC,2,85,1,,,Ray Mountains,high,3,4.9,15,70,,DeadDownedWood
TKN0229,DC30,,Young,1,3,158,550,SUBXERIC,2,85,1,,,Ray Mountains,high,3,4.9,15,70,,Seedling
TKN0229,DC30,,Young,1,3,158,550,SUBXERIC,2,85,1,,,Ray Mountains,high,3,4.9,15,70,,EvergreenTree
TKN0229,DC30,,Young,1,3,158,550,SUBXERIC,2,85,1,,,Ray Mountains,high,3,4.9,15,70,,DeciduousTree
TKN0146,DC49,DCY4,Young,1,2,15,220,SUBHYGRIC,6,50.5,1,-999,9,Ray Mountains,low,1,6.1,15,87,,Mesic
TKN0146,DC49,DCY4,Young,1,2,15,220,SUBHYGRIC,6,50.5,1,-999,9,Ray Mountains,low,1,6.1,15,87,,Fibric
TKN0146,DC49,DCY4,Young,1,2,15,220,SUBHYGRIC,6,50.5,1,-999,9,Ray Mountains,low,1,6.1,15,87,,ColonizerMoss
TKN0146,DC49,DCY4,Young,1,2,15,220,SUBHYGRIC,6,50.5,1,-999,9,Ray Mountains,low,1,6.1,15,87,,FeatherMoss
TKN0146,DC49,DCY4,Young,1,2,15,220,SUBHYGRIC,6,50.5,1,-999,9,Ray Mountains,low,1,6.1,15,87,,SphagnumMoss
TKN0146,DC49,DCY4,Young,1,2,15,220,SUBHYGRIC,6,50.5,1,-999,9,Ray Mountains,low,1,6.1,15,87,,Lichen
TKN0146,DC49,DCY4,Young,1,2,15,220,SUBHYGRIC,6,50.5,1,-999,9,Ray Mountains,low,1,6.1,15,87,,EvergreenLeaf
TKN0146,DC49,DCY4,Young,1,2,15,220,SUBHYGRIC,6,50.5,1,-999,9,Ray Mountains,low,1,6.1,15,87,,DeciduousLeaf
TKN0146,DC49,DCY4,Young,1,2,15,220,SUBHYGRIC,6,50.5,1,-999,9,Ray Mountains,low,1,6.1,15,87,,Graminoid
TKN0146,DC49,DCY4,Young,1,2,15,220,SUBHYGRIC,6,50.5,1,-999,9,Ray Mountains,low,1,6.1,15,87,,Forb
TKN0146,DC49,DCY4,Young,1,2,15,220,SUBHYGRIC,6,50.5,1,-999,9,Ray Mountains,low,1,6.1,15,87,,TallDeciduousShrub
TKN0146,DC49,DCY4,Young,1,2,15,220,SUBHYGRIC,6,50.5,1,-999,9,Ray Mountains,low,1,6.1,15,87,,DeadDownedWood
TKN0146,DC49,DCY4,Young,1,2,15,220,SUBHYGRIC,6,50.5,1,-999,9,Ray Mountains,low,1,6.1,15,87,,Seedling
TKN0146,DC49,DCY4,Young,1,2,15,220,SUBHYGRIC,6,50.5,1,-999,9,Ray Mountains,low,1,6.1,15,87,,EvergreenTree
TKN0146,DC49,DCY4,Young,1,2,15,220,SUBHYGRIC,6,50.5,1,-999,9,Ray Mountains,low,1,6.1,15,87,,DeciduousTree
TKN0149,TC04,,Young,1,4,198,697,MESIC,4,55,1,,,,low,1,4.9,15,100,,Mesic
TKN0149,TC04,,Young,1,4,198,697,MESIC,4,55,1,,,,low,1,4.9,15,100,,Fibric
TKN0149,TC04,,Young,1,4,198,697,MESIC,4,55,1,,,,low,1,4.9,15,100,,ColonizerMoss
TKN0149,TC04,,Young,1,4,198,697,MESIC,4,55,1,,,,low,1,4.9,15,100,,FeatherMoss
TKN0149,TC04,,Young,1,4,198,697,MESIC,4,55,1,,,,low,1,4.9,15,100,,SphagnumMoss
TKN0149,TC04,,Young,1,4,198,697,MESIC,4,55,1,,,,low,1,4.9,15,100,,Lichen
TKN0149,TC04,,Young,1,4,198,697,MESIC,4,55,1,,,,low,1,4.9,15,100,,EvergreenLeaf
TKN0149,TC04,,Young,1,4,198,697,MESIC,4,55,1,,,,low,1,4.9,15,100,,DeciduousLeaf
TKN0149,TC04,,Young,1,4,198,697,MESIC,4,55,1,,,,low,1,4.9,15,100,,Graminoid
TKN0149,TC04,,Young,1,4,198,697,MESIC,4,55,1,,,,low,1,4.9,15,100,,Forb
TKN0149,TC04,,Young,1,4,198,697,MESIC,4,55,1,,,,low,1,4.9,15,100,,TallDeciduousShrub
TKN0149,TC04,,Young,1,4,198,697,MESIC,4,55,1,,,,low,1,4.9,15,100,,DeadDownedWood
TKN0149,TC04,,Young,1,4,198,697,MESIC,4,55,1,,,,low,1,4.9,15,100,,Seedling
TKN0149,TC04,,Young,1,4,198,697,MESIC,4,55,1,,,,low,1,4.9,15,100,,EvergreenTree
TKN0149,TC04,,Young,1,4,198,697,MESIC,4,55,1,,,,low,1,4.9,15,100,,DeciduousTree
TKN0218,TC13,,Young,1,8,282,1002,SUBXERIC/MESIC,3,74,1,,,,mod-low,2,5.2,15,66,Hit rock during active layer measurement. Active layer value is the average from other sites with subxeric/mesic moisture.,Mesic
TKN0218,TC13,,Young,1,8,282,1002,SUBXERIC/MESIC,3,74,1,,,,mod-low,2,5.2,15,66,Hit rock during active layer measurement. Active layer value is the average from other sites with subxeric/mesic moisture.,Fibric
TKN0218,TC13,,Young,1,8,282,1002,SUBXERIC/MESIC,3,74,1,,,,mod-low,2,5.2,15,66,Hit rock during active layer measurement. Active layer value is the average from other sites with subxeric/mesic moisture.,ColonizerMoss
TKN0218,TC13,,Young,1,8,282,1002,SUBXERIC/MESIC,3,74,1,,,,mod-low,2,5.2,15,66,Hit rock during active layer measurement. Active layer value is the average from other sites with subxeric/mesic moisture.,FeatherMoss
TKN0218,TC13,,Young,1,8,282,1002,SUBXERIC/MESIC,3,74,1,,,,mod-low,2,5.2,15,66,Hit rock during active layer measurement. Active layer value is the average from other sites with subxeric/mesic moisture.,SphagnumMoss
TKN0218,TC13,,Young,1,8,282,1002,SUBXERIC/MESIC,3,74,1,,,,mod-low,2,5.2,15,66,Hit rock during active layer measurement. Active layer value is the average from other sites with subxeric/mesic moisture.,Lichen
TKN0218,TC13,,Young,1,8,282,1002,SUBXERIC/MESIC,3,74,1,,,,mod-low,2,5.2,15,66,Hit rock during active layer measurement. Active layer value is the average from other sites with subxeric/mesic moisture.,EvergreenLeaf
TKN0218,TC13,,Young,1,8,282,1002,SUBXERIC/MESIC,3,74,1,,,,mod-low,2,5.2,15,66,Hit rock during active layer measurement. Active layer value is the average from other sites with subxeric/mesic moisture.,DeciduousLeaf
TKN0218,TC13,,Young,1,8,282,1002,SUBXERIC/MESIC,3,74,1,,,,mod-low,2,5.2,15,66,Hit rock during active layer measurement. Active layer value is the average from other sites with subxeric/mesic moisture.,Graminoid
TKN0218,TC13,,Young,1,8,282,1002,SUBXERIC/MESIC,3,74,1,,,,mod-low,2,5.2,15,66,Hit rock during active layer measurement. Active layer value is the average from other sites with subxeric/mesic moisture.,Forb
TKN0218,TC13,,Young,1,8,282,1002,SUBXERIC/MESIC,3,74,1,,,,mod-low,2,5.2,15,66,Hit rock during active layer measurement. Active layer value is the average from other sites with subxeric/mesic moisture.,TallDeciduousShrub
TKN0218,TC13,,Young,1,8,282,1002,SUBXERIC/MESIC,3,74,1,,,,mod-low,2,5.2,15,66,Hit rock during active layer measurement. Active layer value is the average from other sites with subxeric/mesic moisture.,DeadDownedWood
TKN0218,TC13,,Young,1,8,282,1002,SUBXERIC/MESIC,3,74,1,,,,mod-low,2,5.2,15,66,Hit rock during active layer measurement. Active layer value is the average from other sites with subxeric/mesic moisture.,Seedling
TKN0218,TC13,,Young,1,8,282,1002,SUBXERIC/MESIC,3,74,1,,,,mod-low,2,5.2,15,66,Hit rock during active layer measurement. Active layer value is the average from other sites with subxeric/mesic moisture.,EvergreenTree
TKN0218,TC13,,Young,1,8,282,1002,SUBXERIC/MESIC,3,74,1,,,,mod-low,2,5.2,15,66,Hit rock during active layer measurement. Active layer value is the average from other sites with subxeric/mesic moisture.,DeciduousTree
TKN0151,TC19,,Young,1,0,90,890,SUBXERIC,2,95,1,,,,mod-low,2,4.7,15,95,Hit rock during active layer measurement. Active layer value is the average from other sites with subxeric moisture.,Mesic
TKN0151,TC19,,Young,1,0,90,890,SUBXERIC,2,95,1,,,,mod-low,2,4.7,15,95,Hit rock during active layer measurement. Active layer value is the average from other sites with subxeric moisture.,Fibric
TKN0151,TC19,,Young,1,0,90,890,SUBXERIC,2,95,1,,,,mod-low,2,4.7,15,95,Hit rock during active layer measurement. Active layer value is the average from other sites with subxeric moisture.,ColonizerMoss
TKN0151,TC19,,Young,1,0,90,890,SUBXERIC,2,95,1,,,,mod-low,2,4.7,15,95,Hit rock during active layer measurement. Active layer value is the average from other sites with subxeric moisture.,FeatherMoss
TKN0151,TC19,,Young,1,0,90,890,SUBXERIC,2,95,1,,,,mod-low,2,4.7,15,95,Hit rock during active layer measurement. Active layer value is the average from other sites with subxeric moisture.,SphagnumMoss
TKN0151,TC19,,Young,1,0,90,890,SUBXERIC,2,95,1,,,,mod-low,2,4.7,15,95,Hit rock during active layer measurement. Active layer value is the average from other sites with subxeric moisture.,Lichen
TKN0151,TC19,,Young,1,0,90,890,SUBXERIC,2,95,1,,,,mod-low,2,4.7,15,95,Hit rock during active layer measurement. Active layer value is the average from other sites with subxeric moisture.,EvergreenLeaf
TKN0151,TC19,,Young,1,0,90,890,SUBXERIC,2,95,1,,,,mod-low,2,4.7,15,95,Hit rock during active layer measurement. Active layer value is the average from other sites with subxeric moisture.,DeciduousLeaf
TKN0151,TC19,,Young,1,0,90,890,SUBXERIC,2,95,1,,,,mod-low,2,4.7,15,95,Hit rock during active layer measurement. Active layer value is the average from other sites with subxeric moisture.,Graminoid
TKN0151,TC19,,Young,1,0,90,890,SUBXERIC,2,95,1,,,,mod-low,2,4.7,15,95,Hit rock during active layer measurement. Active layer value is the average from other sites with subxeric moisture.,Forb
TKN0151,TC19,,Young,1,0,90,890,SUBXERIC,2,95,1,,,,mod-low,2,4.7,15,95,Hit rock during active layer measurement. Active layer value is the average from other sites with subxeric moisture.,TallDeciduousShrub
TKN0151,TC19,,Young,1,0,90,890,SUBXERIC,2,95,1,,,,mod-low,2,4.7,15,95,Hit rock during active layer measurement. Active layer value is the average from other sites with subxeric moisture.,DeadDownedWood
TKN0151,TC19,,Young,1,0,90,890,SUBXERIC,2,95,1,,,,mod-low,2,4.7,15,95,Hit rock during active layer measurement. Active layer value is the average from other sites with subxeric moisture.,Seedling
TKN0151,TC19,,Young,1,0,90,890,SUBXERIC,2,95,1,,,,mod-low,2,4.7,15,95,Hit rock during active layer measurement. Active layer value is the average from other sites with subxeric moisture.,EvergreenTree
TKN0151,TC19,,Young,1,0,90,890,SUBXERIC,2,95,1,,,,mod-low,2,4.7,15,95,Hit rock during active layer measurement. Active layer value is the average from other sites with subxeric moisture.,DeciduousTree
TKN0152,TC24,,Young,1,0,90,870,SUBXERIC,2,94.56,1,,,,mod-low,2,4.7,15,99,,Mesic
TKN0152,TC24,,Young,1,0,90,870,SUBXERIC,2,94.56,1,,,,mod-low,2,4.7,15,99,,Fibric
TKN0152,TC24,,Young,1,0,90,870,SUBXERIC,2,94.56,1,,,,mod-low,2,4.7,15,99,,ColonizerMoss
TKN0152,TC24,,Young,1,0,90,870,SUBXERIC,2,94.56,1,,,,mod-low,2,4.7,15,99,,FeatherMoss
TKN0152,TC24,,Young,1,0,90,870,SUBXERIC,2,94.56,1,,,,mod-low,2,4.7,15,99,,SphagnumMoss
TKN0152,TC24,,Young,1,0,90,870,SUBXERIC,2,94.56,1,,,,mod-low,2,4.7,15,99,,Lichen
TKN0152,TC24,,Young,1,0,90,870,SUBXERIC,2,94.56,1,,,,mod-low,2,4.7,15,99,,EvergreenLeaf
TKN0152,TC24,,Young,1,0,90,870,SUBXERIC,2,94.56,1,,,,mod-low,2,4.7,15,99,,DeciduousLeaf
TKN0152,TC24,,Young,1,0,90,870,SUBXERIC,2,94.56,1,,,,mod-low,2,4.7,15,99,,Graminoid
TKN0152,TC24,,Young,1,0,90,870,SUBXERIC,2,94.56,1,,,,mod-low,2,4.7,15,99,,Forb
TKN0152,TC24,,Young,1,0,90,870,SUBXERIC,2,94.56,1,,,,mod-low,2,4.7,15,99,,TallDeciduousShrub
TKN0152,TC24,,Young,1,0,90,870,SUBXERIC,2,94.56,1,,,,mod-low,2,4.7,15,99,,DeadDownedWood
TKN0152,TC24,,Young,1,0,90,870,SUBXERIC,2,94.56,1,,,,mod-low,2,4.7,15,99,,Seedling
TKN0152,TC24,,Young,1,0,90,870,SUBXERIC,2,94.56,1,,,,mod-low,2,4.7,15,99,,EvergreenTree
TKN0152,TC24,,Young,1,0,90,870,SUBXERIC,2,94.56,1,,,,mod-low,2,4.7,15,99,,DeciduousTree
TKN0154,TC25,,Young,1,4,40,800,MESIC/SUBHYGRIC,5,43.8,1,,,,low,1,5.5,15,173,,Mesic
TKN0154,TC25,,Young,1,4,40,800,MESIC/SUBHYGRIC,5,43.8,1,,,,low,1,5.5,15,173,,Fibric
TKN0154,TC25,,Young,1,4,40,800,MESIC/SUBHYGRIC,5,43.8,1,,,,low,1,5.5,15,173,,ColonizerMoss
TKN0154,TC25,,Young,1,4,40,800,MESIC/SUBHYGRIC,5,43.8,1,,,,low,1,5.5,15,173,,FeatherMoss
TKN0154,TC25,,Young,1,4,40,800,MESIC/SUBHYGRIC,5,43.8,1,,,,low,1,5.5,15,173,,SphagnumMoss
TKN0154,TC25,,Young,1,4,40,800,MESIC/SUBHYGRIC,5,43.8,1,,,,low,1,5.5,15,173,,Lichen
TKN0154,TC25,,Young,1,4,40,800,MESIC/SUBHYGRIC,5,43.8,1,,,,low,1,5.5,15,173,,EvergreenLeaf
TKN0154,TC25,,Young,1,4,40,800,MESIC/SUBHYGRIC,5,43.8,1,,,,low,1,5.5,15,173,,DeciduousLeaf
TKN0154,TC25,,Young,1,4,40,800,MESIC/SUBHYGRIC,5,43.8,1,,,,low,1,5.5,15,173,,Graminoid
TKN0154,TC25,,Young,1,4,40,800,MESIC/SUBHYGRIC,5,43.8,1,,,,low,1,5.5,15,173,,Forb
TKN0154,TC25,,Young,1,4,40,800,MESIC/SUBHYGRIC,5,43.8,1,,,,low,1,5.5,15,173,,TallDeciduousShrub
TKN0154,TC25,,Young,1,4,40,800,MESIC/SUBHYGRIC,5,43.8,1,,,,low,1,5.5,15,173,,DeadDownedWood
TKN0154,TC25,,Young,1,4,40,800,MESIC/SUBHYGRIC,5,43.8,1,,,,low,1,5.5,15,173,,Seedling
TKN0154,TC25,,Young,1,4,40,800,MESIC/SUBHYGRIC,5,43.8,1,,,,low,1,5.5,15,173,,EvergreenTree
TKN0154,TC25,,Young,1,4,40,800,MESIC/SUBHYGRIC,5,43.8,1,,,,low,1,5.5,15,173,,DeciduousTree
TKN0153,TC26,,Young,1,2,123,787,SUBXERIC/MESIC,3,78.2,1,,,,mod-low,2,5.4,15,101,,Mesic
TKN0153,TC26,,Young,1,2,123,787,SUBXERIC/MESIC,3,78.2,1,,,,mod-low,2,5.4,15,101,,Fibric
TKN0153,TC26,,Young,1,2,123,787,SUBXERIC/MESIC,3,78.2,1,,,,mod-low,2,5.4,15,101,,ColonizerMoss
TKN0153,TC26,,Young,1,2,123,787,SUBXERIC/MESIC,3,78.2,1,,,,mod-low,2,5.4,15,101,,FeatherMoss
TKN0153,TC26,,Young,1,2,123,787,SUBXERIC/MESIC,3,78.2,1,,,,mod-low,2,5.4,15,101,,SphagnumMoss
TKN0153,TC26,,Young,1,2,123,787,SUBXERIC/MESIC,3,78.2,1,,,,mod-low,2,5.4,15,101,,Lichen
TKN0153,TC26,,Young,1,2,123,787,SUBXERIC/MESIC,3,78.2,1,,,,mod-low,2,5.4,15,101,,EvergreenLeaf
TKN0153,TC26,,Young,1,2,123,787,SUBXERIC/MESIC,3,78.2,1,,,,mod-low,2,5.4,15,101,,DeciduousLeaf
TKN0153,TC26,,Young,1,2,123,787,SUBXERIC/MESIC,3,78.2,1,,,,mod-low,2,5.4,15,101,,Graminoid
TKN0153,TC26,,Young,1,2,123,787,SUBXERIC/MESIC,3,78.2,1,,,,mod-low,2,5.4,15,101,,Forb
TKN0153,TC26,,Young,1,2,123,787,SUBXERIC/MESIC,3,78.2,1,,,,mod-low,2,5.4,15,101,,TallDeciduousShrub
TKN0153,TC26,,Young,1,2,123,787,SUBXERIC/MESIC,3,78.2,1,,,,mod-low,2,5.4,15,101,,DeadDownedWood
TKN0153,TC26,,Young,1,2,123,787,SUBXERIC/MESIC,3,78.2,1,,,,mod-low,2,5.4,15,101,,Seedling
TKN0153,TC26,,Young,1,2,123,787,SUBXERIC/MESIC,3,78.2,1,,,,mod-low,2,5.4,15,101,,EvergreenTree
TKN0153,TC26,,Young,1,2,123,787,SUBXERIC/MESIC,3,78.2,1,,,,mod-low,2,5.4,15,101,,DeciduousTree
TKN0155,TC27,,Young,1,3,66,790,MESIC,4,47.1,1,,,,mod-low,2,5.5,15,172,,Mesic
TKN0155,TC27,,Young,1,3,66,790,MESIC,4,47.1,1,,,,mod-low,2,5.5,15,172,,Fibric
TKN0155,TC27,,Young,1,3,66,790,MESIC,4,47.1,1,,,,mod-low,2,5.5,15,172,,ColonizerMoss
TKN0155,TC27,,Young,1,3,66,790,MESIC,4,47.1,1,,,,mod-low,2,5.5,15,172,,FeatherMoss
TKN0155,TC27,,Young,1,3,66,790,MESIC,4,47.1,1,,,,mod-low,2,5.5,15,172,,SphagnumMoss
TKN0155,TC27,,Young,1,3,66,790,MESIC,4,47.1,1,,,,mod-low,2,5.5,15,172,,Lichen
TKN0155,TC27,,Young,1,3,66,790,MESIC,4,47.1,1,,,,mod-low,2,5.5,15,172,,EvergreenLeaf
TKN0155,TC27,,Young,1,3,66,790,MESIC,4,47.1,1,,,,mod-low,2,5.5,15,172,,DeciduousLeaf
TKN0155,TC27,,Young,1,3,66,790,MESIC,4,47.1,1,,,,mod-low,2,5.5,15,172,,Graminoid
TKN0155,TC27,,Young,1,3,66,790,MESIC,4,47.1,1,,,,mod-low,2,5.5,15,172,,Forb
TKN0155,TC27,,Young,1,3,66,790,MESIC,4,47.1,1,,,,mod-low,2,5.5,15,172,,TallDeciduousShrub
TKN0155,TC27,,Young,1,3,66,790,MESIC,4,47.1,1,,,,mod-low,2,5.5,15,172,,DeadDownedWood
TKN0155,TC27,,Young,1,3,66,790,MESIC,4,47.1,1,,,,mod-low,2,5.5,15,172,,Seedling
TKN0155,TC27,,Young,1,3,66,790,MESIC,4,47.1,1,,,,mod-low,2,5.5,15,172,,EvergreenTree
TKN0155,TC27,,Young,1,3,66,790,MESIC,4,47.1,1,,,,mod-low,2,5.5,15,172,,DeciduousTree
TKN0157,TC29,,Young,1,5,222,628,SUBXERIC/MESIC,3,70.3,1,,,,high,3,6,15,104,,Mesic
TKN0157,TC29,,Young,1,5,222,628,SUBXERIC/MESIC,3,70.3,1,,,,high,3,6,15,104,,Fibric
TKN0157,TC29,,Young,1,5,222,628,SUBXERIC/MESIC,3,70.3,1,,,,high,3,6,15,104,,ColonizerMoss
TKN0157,TC29,,Young,1,5,222,628,SUBXERIC/MESIC,3,70.3,1,,,,high,3,6,15,104,,FeatherMoss
TKN0157,TC29,,Young,1,5,222,628,SUBXERIC/MESIC,3,70.3,1,,,,high,3,6,15,104,,SphagnumMoss
TKN0157,TC29,,Young,1,5,222,628,SUBXERIC/MESIC,3,70.3,1,,,,high,3,6,15,104,,Lichen
TKN0157,TC29,,Young,1,5,222,628,SUBXERIC/MESIC,3,70.3,1,,,,high,3,6,15,104,,EvergreenLeaf
TKN0157,TC29,,Young,1,5,222,628,SUBXERIC/MESIC,3,70.3,1,,,,high,3,6,15,104,,DeciduousLeaf
TKN0157,TC29,,Young,1,5,222,628,SUBXERIC/MESIC,3,70.3,1,,,,high,3,6,15,104,,Graminoid
TKN0157,TC29,,Young,1,5,222,628,SUBXERIC/MESIC,3,70.3,1,,,,high,3,6,15,104,,Forb
TKN0157,TC29,,Young,1,5,222,628,SUBXERIC/MESIC,3,70.3,1,,,,high,3,6,15,104,,TallDeciduousShrub
TKN0157,TC29,,Young,1,5,222,628,SUBXERIC/MESIC,3,70.3,1,,,,high,3,6,15,104,,DeadDownedWood
TKN0157,TC29,,Young,1,5,222,628,SUBXERIC/MESIC,3,70.3,1,,,,high,3,6,15,104,,Seedling
TKN0157,TC29,,Young,1,5,222,628,SUBXERIC/MESIC,3,70.3,1,,,,high,3,6,15,104,,EvergreenTree
TKN0157,TC29,,Young,1,5,222,628,SUBXERIC/MESIC,3,70.3,1,,,,high,3,6,15,104,,DeciduousTree
NRC1,ThinningTreatControl1,,,,,,117,MESIC/SUBHYRGIC,5,74.1,1,,,,mod,2,,,82,,Mesic
NRC1,ThinningTreatControl1,,,,,,117,MESIC/SUBHYRGIC,5,74.1,1,,,,mod,2,,,82,,Fibric
NRC1,ThinningTreatControl1,,,,,,117,MESIC/SUBHYRGIC,5,74.1,1,,,,mod,2,,,82,,ColonizerMoss
NRC1,ThinningTreatControl1,,,,,,117,MESIC/SUBHYRGIC,5,74.1,1,,,,mod,2,,,82,,FeatherMoss
NRC1,ThinningTreatControl1,,,,,,117,MESIC/SUBHYRGIC,5,74.1,1,,,,mod,2,,,82,,SphagnumMoss
NRC1,ThinningTreatControl1,,,,,,117,MESIC/SUBHYRGIC,5,74.1,1,,,,mod,2,,,82,,Lichen
NRC1,ThinningTreatControl1,,,,,,117,MESIC/SUBHYRGIC,5,74.1,1,,,,mod,2,,,82,,EvergreenLeaf
NRC1,ThinningTreatControl1,,,,,,117,MESIC/SUBHYRGIC,5,74.1,1,,,,mod,2,,,82,,DeciduousLeaf
NRC1,ThinningTreatControl1,,,,,,117,MESIC/SUBHYRGIC,5,74.1,1,,,,mod,2,,,82,,Graminoid
NRC1,ThinningTreatControl1,,,,,,117,MESIC/SUBHYRGIC,5,74.1,1,,,,mod,2,,,82,,Forb
NRC1,ThinningTreatControl1,,,,,,117,MESIC/SUBHYRGIC,5,74.1,1,,,,mod,2,,,82,,TallDeciduousShrub
NRC1,ThinningTreatControl1,,,,,,117,MESIC/SUBHYRGIC,5,74.1,1,,,,mod,2,,,82,,DeadDownedWood
NRC1,ThinningTreatControl1,,,,,,117,MESIC/SUBHYRGIC,5,74.1,1,,,,mod,2,,,82,,Seedling
NRC1,ThinningTreatControl1,,,,,,117,MESIC/SUBHYRGIC,5,74.1,1,,,,mod,2,,,82,,EvergreenTree
NRC1,ThinningTreatControl1,,,,,,117,MESIC/SUBHYRGIC,5,74.1,1,,,,mod,2,,,82,,DeciduousTree
