"","Site","FI","OSFuelLoad","BSPI","Age","Age_Class","Slope","Aspect","Elevation","Moisture","Moisture_Class","Avg_activelayer","Surficial_Geology","Topo_Position","Ecoregion","Fire_Scar","Forest_Type","Burn_Severity","Soil_pH","TimeSinceFire","Wetness"
"1","BCEFM2",27.8920462116036,8.82994936833333,3.15880024313982,"Mature",3,0,0,128,"Wet",6,29.8,6,9,"Yukon-Tanana Uplands","Pre 1930","Black Spruce",NA,4.7,89,"Wet"
"2","BDM1",25.0496594439887,16.8942647016667,1.48273155927985,"Mature",3,5,193,241,"Moderate",4,51.5,5,2,"Ray Mountains","Pre 1930","Black Spruce",NA,6.01,89,"Moderate"
"3","BFY10",17.9459815052451,5.39653914166667,3.32546119543251,"Young",1,11,347,445,"Moderate",3,78.007142855,4,2,"Yukon-Tanana Uplands","2004 Boundary fire","MIX","MOD",3.7,15,"Moderate"
"4","BFY7",22.3791568418963,7.21385285666667,3.10224747947481,"Young",1,4,258,240,"Wet",5,66.3,4,9,"Yukon-Tanana Uplands","2004 Boundary fire","Black Spruce","LOW",4.8,15,"Wet"
"5","BFY8",11.0343669655312,4.16726830333333,2.64786573897941,"Young",1,1,185,695,"Moderate",4,89.71428571,4,5,"Yukon-Tanana Uplands","2004 Boundary fire","Black Spruce","LOW",4.9,15,"Moderate"
"6","BFY9",21.1668977565574,4.26953625166667,4.95765734470451,"Young",1,10,170,770,"Moderate",3,78.007142855,4,3,"Yukon-Tanana Uplands","2004 Boundary fire","Black Spruce","LOW",4.6,15,"Moderate"
"7","DCY14",7.49996054539294,15.306609235,0.489981839233446,"Young",1,0,0,170,"Wet",6,82.8,4,9,"Ray Mountains","2004 Dall City fire","Black Spruce","LOW",5,15,"Wet"
"8","DCY2",17.8130475643337,5.59613415,3.18309874046419,"Young",1,5,85,445,"Wet",5,82.8,7,4,"Ray Mountains","2004 Dall City fire","MIX","LOW",3.8,15,"Wet"
"9","DCY3",12.7492530783793,6.08545557333333,2.09503675193143,"Young",1,7,155,206,"Moderate",3,92,4,3,"Ray Mountains","2004 Dall City fire","MIX","HIGH",7.7,15,"Moderate"
"10","DCY4",9.67949271720708,5.81156529,1.66555690837074,"Young",1,2,15,220,"Wet",6,81.3,4,9,"Ray Mountains","2004 Dall City fire","MIX","LOW",6.1,15,"Wet"
"11","DCY9",12.0862907867168,4.91954177833333,2.45679198008791,"Young",1,1,231,300,"Moderate",4,75.1,4,9,"Ray Mountains","2004 Dall City fire","MIX","HIGH",5.7,15,"Moderate"
"12","DDM2",37.222999659614,2.93067708333333,12.701160380753,"Mature",3,0,0,500,"Dry",1,100,2,1,"Tanana-Kuskokwim Lowlands","Pre 1930","Black Spruce",NA,5.92,87,"Dry"
"13","GRI1",33.7744146179692,10.3009951316667,3.27875260460439,"Intermediate",2,0,0,552,"Wet",6,41.5,3,7,"Tanana-Kuskokwim Lowlands","1947 Gerstle River fire","Black Spruce",NA,7.09,72,"Wet"
"14","GRM3",27.404727185736,20.2223549666667,1.3551699211545,"Mature",3,0,0,430,"Wet",5,44.2,3,9,"Tanana-Kuskokwim Lowlands","Pre 1930","Black Spruce",NA,5.83,206,"Wet"
"15","GRM4",36.6793060126205,13.5773055666667,2.70151583703552,"Mature",3,0,0,429,"Moderate",3,53.6,3,9,"Tanana-Kuskokwim Lowlands","Pre 1930","Black Spruce",NA,5.54,313,"Moderate"
"16","GSI1",49.5491368756621,7.15753189166667,6.92265680762818,"Intermediate",2,3,283,244,"Moderate",4,80.7,4,9,"Yukon-Tanana Uplands","1966 Goldstream fire","Black Spruce",NA,5.99,53,"Moderate"
"17","GSI2",32.5280121484121,6.62079791666667,4.91300483081181,"Intermediate",2,3,333,129,"Wet",6,54.9,4,7,"Yukon-Tanana Uplands","1966 Goldstream fire","Black Spruce",NA,5.95,53,"Wet"
"18","GSM1",24.9392885388488,7.153046735,3.48652671550717,"Mature",3,2,150,180,"Wet",6,25.2,6,9,"Yukon-Tanana Uplands","Pre 1930","Black Spruce",NA,6.2,179,"Wet"
"19","GSM3",36.1540247545792,3.13763583333333,11.5226962831344,"Mature",3,0,0,187,"Wet",6,70.7,4,5,"Yukon-Tanana Uplands","Pre 1930","Black Spruce",NA,4.2,185,"Wet"
"20","GSM4",33.1148534189805,7.25653500333333,4.56345258498292,"Mature",3,16,24,497,"Moderate",3,51.5,4,3,"Yukon-Tanana Uplands","Pre 1930","Black Spruce",NA,5.7,103,"Moderate"
"21","GSM5",41.0521994017778,11.3102041666667,3.62966033122253,"Mature",3,9,326,431,"Dry",2,42.22222222,4,3,"Yukon-Tanana Uplands","Pre 1930","Black Spruce",NA,4.83,179,"Dry"
"22","LGI2",45.7977758050134,4.11516452166667,11.1290266923435,"Intermediate",2,12,144,330,"Dry",2,100,4,4,"Ray Mountains","1958 Livengood fire","Black Spruce",NA,5.03,61,"Dry"
"23","MDI4",166.896153352086,6.988316815,23.8821675906068,"Intermediate",2,5,79,205,"Dry",2,155.125,4,3,"Yukon-Tanana Uplands","1958 Murphy Dome fire","MIX",NA,5.95,61,"Dry"
"24","MDI5",21.6024041625862,6.823527335,3.16587053909505,"Intermediate",2,10,354,226,"Moderate",4,47.3,4,4,"Yukon-Tanana Uplands","1958 Murphy Dome fire","Black Spruce",NA,5.35,61,"Moderate"
"25","MDM1",44.5606335748431,8.157966125,5.46222341354024,"Mature",3,3,84,197,"Moderate",4,49.4,4,5,"Yukon-Tanana Uplands","Pre 1930","Black Spruce",NA,5.49,89,"Moderate"
"26","UP4D",59.0880725279137,5.21829201,11.3232591075166,"Mature",3,4,195,600,"Dry",2,98.67361111,4,1,"Yukon-Tanana Uplands","Pre 1930","Black Spruce",NA,4.95,176,"Dry"
"27","WCM2",15.2997655755207,6.92078455833333,2.21069814362277,"Mature",3,3,80,260,"Wet",5,35.2,4,3,"Yukon-Tanana Uplands","Pre 1930","Black Spruce",NA,5.29,89,"Wet"
"28","WCM3",23.2160774661301,13.7250542666667,1.69151079588179,"Mature",3,0,0,274,"Wet",6,53.5,4,5,"Yukon-Tanana Uplands","Pre 1930","Black Spruce",NA,5.53,188,"Wet"
