,Site,Age,Age_Class,Slope,Aspect,Elevation,Moisture,Moisture_Class,Avg_activelayer,Surficial_Geology,Topo_Position,Ecoregion,Fire_Scar,Forest_Type,Burn_Severity,Soil_pH,TimeSinceFire
1,BCEFM2,Mature,3,0,0,128,SUBHYGRIC,6,29.8,6,9,Yukon-Tanana Uplands,Pre 1930,Black Spruce,NA,,
2,BDM1,Mature,3,5,193,241,MESIC,4,-888,-999,2,Ray Mountains,Pre 1930,Black Spruce,NA,,
3,BFY10,Young,1,11,347,445,SUBXERIC/MESIC,3,-999,4,2,Yukon-Tanana Uplands,2004 Boundary fire,MIX,MOD,,15
4,BFY7,Young,1,4,258,240,MESIC/SUBHYGRIC,5,66.3,4,9,Yukon-Tanana Uplands,2004 Boundary fire,Black Spruce,LOW,,15
5,BFY8,Young,1,1,185,695,MESIC,4,89.71428571,4,5,Yukon-Tanana Uplands,2004 Boundary fire,Black Spruce,LOW,,15
6,BFY9,Young,1,10,170,770,SUBXERIC/MESIC,3,-999,4,3,Yukon-Tanana Uplands,2004 Boundary fire,Black Spruce,LOW,,15
7,DCY14,Young,1,0,0,170,SUBHYGRIC,6,-999,-999,9,Ray Mountains,2004 Dall City fire,Black Spruce,LOW,,15
8,DCY2,Young,1,5,85,445,MESIC/SUBHYGRIC,5,-999,-999,4,Ray Mountains,2004 Dall City fire,MIX,LOW,,15
9,DCY3,Young,1,7,155,206,SUBXERIC/MESIC,3,92,-999,3,Ray Mountains,2004 Dall City fire,MIX,HIGH,,15
10,DCY4,Young,1,2,15,220,SUBHYGRIC,6,81.3,-999,9,Ray Mountains,2004 Dall City fire,MIX,LOW,,15
11,DCY9,Young,1,1,231,300,MESIC,4,75.1,-999,9,Ray Mountains,2004 Dall City fire,MIX,HIGH,,15
12,DDM2,Mature,3,0,0,500,XERIC,1,-888,2,1,Tanana-Kuskokwim Lowlands,Pre 1930,Black Spruce,NA,,87
13,GRI1,Intermediate,2,0,0,552,SUBHYGRIC,6,41.5,3,7,Tanana-Kuskokwim Lowlands,1947 Gerstle River fire,Black Spruce,NA,,72
14,GRM3,Mature,3,0,0,430,MESIC/SUBHYGRIC,5,44.2,3,9,Tanana-Kuskokwim Lowlands,Pre 1930,Black Spruce,NA,,206
15,GRM4,Mature,3,0,0,429,SUBXERIC/MESIC,3,53.6,3,9,Tanana-Kuskokwim Lowlands,Pre 1930,Black Spruce,NA,,313
16,GSI1,Intermediate,2,3,283,244,MESIC,4,80.7,4,9,Yukon-Tanana Uplands,1966 Goldstream fire,Black Spruce,NA,,53
17,GSI2,Intermediate,2,3,333,129,SUBHYGRIC,6,54.9,4,7,Yukon-Tanana Uplands,1966 Goldstream fire,Black Spruce,NA,,53
18,GSM1,Mature,3,2,150,180,SUBHYGRIC,6,25.2,6,9,Yukon-Tanana Uplands,Pre 1930,Black Spruce,NA,,179
19,GSM3,Mature,3,0,0,187,SUBHYGRIC,6,70.7,4,5,Yukon-Tanana Uplands,Pre 1930,Black Spruce,NA,,185
20,GSM4,Mature,3,16,24,497,SUBXERIC/MESIC,3,-888,4,3,Yukon-Tanana Uplands,Pre 1930,Black Spruce,NA,,103
21,GSM5,Mature,3,9,326,431,SUBXERIC,2,42.22222222,4,3,Yukon-Tanana Uplands,Pre 1930,Black Spruce,NA,,179
22,LGI2,Intermediate,2,12,144,330,SUBXERIC,2,-888,-999,4,Ray Mountains,1958 Livengood fire,Black Spruce,NA,,61
23,MDI4,Intermediate,2,5,79,205,SUBXERIC,2,155.125,4,3,Yukon-Tanana Uplands,1958 Murphy Dome fire,MIX,NA,5.95,61
24,MDI5,Intermediate,2,10,354,226,MESIC,4,47.3,4,4,Yukon-Tanana Uplands,1958 Murphy Dome fire,Black Spruce,NA,5.35,61
25,MDM1,Mature,3,3,84,197,MESIC,4,49.4,4,5,Yukon-Tanana Uplands,Pre 1930,Black Spruce,NA,5.49,
26,UP4D,Mature,3,4,195,600,SUBXERIC,2,-999,-999,1,Yukon-Tanana Uplands,Pre 1930,Black Spruce,NA,,176
27,WCM2,Mature,3,3,80,260,MESIC/SUBHYGRIC,5,35.2,-999,3,Yukon-Tanana Uplands,Pre 1930,Black Spruce,NA,,
28,WCM3,Mature,3,0,0,274,SUBHYGRIC,6,53.5,4,5,Yukon-Tanana Uplands,Pre 1930,Black Spruce,NA,,188
