PlantType,Species,Plant part,Biome,Site Type,Trait,Average,Standard error,SLA.m2.kg,Reference,Notes
DeciduousLeaf,Betula pubescens,branches,Subarctic,shrub tundra,Specific Area (cm2/g),16,1,1.6,van Altena et al. 2012,
DeciduousLeaf,Betula pubescens,leaves,Subarctic,shrub tundra,Specific Area (cm2/g),347,16.8,34.7,van Altena et al. 2012,
DeciduousLeaf,Betula pubescens,branches,Subarctic,shrub tundra,Bulk density (g/cm3),0.43,0.03,NA,van Altena et al. 2012,
DeciduousLeaf,Betula pubescens,leaves,Subarctic,shrub tundra,Bulk density (g/cm3),0.29,0.02,NA,van Altena et al. 2012,
EvergreenLeaf,Empetrum nigrum,,Subarctic,shrub tundra,Specific Area (cm2/g),115,23.6,11.5,van Altena et al. 2012,
EvergreenLeaf,Empetrum nigrum,,Subarctic,shrub tundra,Bulk density (g/cm3),0.31,0.06,NA,van Altena et al. 2012,
FeatherMoss,Hylacomium splendens,,Subarctic,shrub tundra,Specific Area (cm2/g),384,32.4,38.4,van Altena et al. 2012,
FeatherMoss,Hylacomium splendens,,Subarctic,shrub tundra,Bulk density (g/cm3),0.15,0.06,NA,van Altena et al. 2012,
Lichen,Nephroma arcticum,,Subarctic,shrub tundra,Specific Area (cm2/g),145,14.2,14.5,van Altena et al. 2012,
Lichen,Nephroma arcticum,,Subarctic,shrub tundra,Bulk density (g/cm3),0.33,0.03,NA,van Altena et al. 2012,
Graminoid,Calamagrostis canadensis,leaves,Subarctic,northern tundra and forest tundra,Specific Leaf Area (cm2/g),40,NA,4,Sylvester and Wein 1981,"Values of SLA were determined from reported values of ""100% cover biomass (g/m2)"", by taking the inverse of the reported value and converting to cm units. NOTE: this data was not collected as surface area but as % cover (refer to methods)"
Graminoid,Calamagrostis canadensis,dead leaves,Subarctic,northern tundra and forest tundra,Specific Leaf Area (cm2/g),34.5,NA,3.45,Sylvester and Wein 1981,This can be converted to the units of SLA; NOTE: this data was not collected as surface area but as % cover (refer to methods)
Graminoid,Eriophorum vaginatum,leaves,Subarctic,northern tundra and forest tundra,Specific Leaf Area (cm2/g),111.1,NA,11.11,Sylvester and Wein 1981,This can be converted to the units of SLA; NOTE: this data was not collected as surface area but as % cover (refer to methods)
Graminoid,Eriophorum vaginatum,dead leaves,Subarctic,northern tundra and forest tundra,Specific Leaf Area (cm2/g),47.6,NA,4.76,Sylvester and Wein 1981,This can be converted to the units of SLA; NOTE: this data was not collected as surface area but as % cover (refer to methods)
EvergreenLeaf,Empetrum nigrum,leaves,Subarctic,northern tundra and forest tundra,Specific Leaf Area (cm2/g),19.23,NA,1.923,Sylvester and Wein 1981,This can be converted to the units of SLA; NOTE: this data was not collected as surface area but as % cover (refer to methods)
EvergreenLeaf,Empetrum nigrum,stems,Subarctic,northern tundra and forest tundra,Specific Leaf Area (cm2/g),35.71,NA,3.571,Sylvester and Wein 1981,This can be converted to the units of SLA; NOTE: this data was not collected as surface area but as % cover (refer to methods)
EvergreenLeaf,Ledum palustre,leaves,Subarctic,northern tundra and forest tundra,Specific Leaf Area (cm2/g),31.25,NA,3.125,Sylvester and Wein 1981,This can be converted to the units of SLA; NOTE: this data was not collected as surface area but as % cover (refer to methods)
EvergreenLeaf,Ledum palustre,stems,Subarctic,northern tundra and forest tundra,Specific Leaf Area (cm2/g),18.87,NA,1.887,Sylvester and Wein 1981,This can be converted to the units of SLA; NOTE: this data was not collected as surface area but as % cover (refer to methods)
Lichen,Cladonia spp.,,Subarctic,northern tundra and forest tundra,Specific Leaf Area (cm2/g),23.81,NA,2.381,Sylvester and Wein 1981,This can be converted to the units of SLA; NOTE: this data was not collected as surface area but as % cover (refer to methods)
EvergreenLeaf,Vaccinium vitis-idaea,leaves,Subarctic,northern tundra and forest tundra,Specific Leaf Area (cm2/g),32.26,NA,3.226,Sylvester and Wein 1981,This can be converted to the units of SLA; NOTE: this data was not collected as surface area but as % cover (refer to methods)
EvergreenLeaf,Vaccinium vitis-idaea,stems,Subarctic,northern tundra and forest tundra,Specific Leaf Area (cm2/g),50,NA,5,Sylvester and Wein 1981,This can be converted to the units of SLA; NOTE: this data was not collected as surface area but as % cover (refer to methods)
DeciduousLeaf,Vaccinium uliginosum,leaves,Subarctic,northern tundra and forest tundra,Specific Leaf Area (cm2/g),33.33,NA,3.333,Sylvester and Wein 1981,This can be converted to the units of SLA; NOTE: this data was not collected as surface area but as % cover (refer to methods)
DeciduousLeaf,Vaccinium uliginosum,stems,Subarctic,northern tundra and forest tundra,Specific Leaf Area (cm2/g),10.99,NA,1.099,Sylvester and Wein 1981,This can be converted to the units of SLA; NOTE: this data was not collected as surface area but as % cover (refer to methods)
DeciduousLeaf,Betula glandulosa,leaves,Subarctic,northern tundra and forest tundra,Specific Leaf Area (cm2/g),38.46,NA,3.846,Sylvester and Wein 1981,This can be converted to the units of SLA; NOTE: this data was not collected as surface area but as % cover (refer to methods)
DeciduousLeaf,Betula glandulosa,stems,Subarctic,northern tundra and forest tundra,Specific Leaf Area (cm2/g),13.51,NA,1.351,Sylvester and Wein 1981,This can be converted to the units of SLA; NOTE: this data was not collected as surface area but as % cover (refer to methods)
TallDeciduousShrub,Salix glauca,leaves,Subarctic,northern tundra and forest tundra,Specific Leaf Area (cm2/g),83.33,NA,8.333,Sylvester and Wein 1981,This can be converted to the units of SLA; NOTE: this data was not collected as surface area but as % cover (refer to methods)
TallDeciduousShrub,Salix glauca,stems,Subarctic,northern tundra and forest tundra,Specific Leaf Area (cm2/g),16.13,NA,1.613,Sylvester and Wein 1981,This can be converted to the units of SLA; NOTE: this data was not collected as surface area but as % cover (refer to methods)
TallDeciduousShrub,Alnus crispa,leaves,Subarctic,northern tundra and forest tundra,Specific Leaf Area (cm2/g),29.41,NA,2.941,Sylvester and Wein 1981,This can be converted to the units of SLA; NOTE: this data was not collected as surface area but as % cover (refer to methods)
TallDeciduousShrub,Alnus crispa,stems,Subarctic,northern tundra and forest tundra,Specific Leaf Area (cm2/g),6.25,NA,0.625,Sylvester and Wein 1981,This can be converted to the units of SLA; NOTE: this data was not collected as surface area but as % cover (refer to methods)
SphagnumMoss,Sphagnum spp.,,Subarctic,northern tundra and forest tundra,Specific Leaf Area (cm2/g),62.5,NA,6.25,Sylvester and Wein 1981,This can be converted to the units of SLA; NOTE: this data was not collected as surface area but as % cover (refer to methods)
Forb,Chamerian angustifolium,leaves,Subarctic,northern tundra and forest tundra,Specific Leaf Area (cm2/g),62.5,NA,6.25,Sylvester and Wein 1981,This can be converted to the units of SLA; NOTE: this data was not collected as surface area but as % cover (refer to methods)
Forb,Chamerian angustifolium,stems,Subarctic,northern tundra and forest tundra,Specific Leaf Area (cm2/g),47.62,NA,4.762,Sylvester and Wein 1981,This can be converted to the units of SLA; NOTE: this data was not collected as surface area but as % cover (refer to methods)
Forb,Chamerian angustifolium,litter,Subarctic,northern tundra and forest tundra,Specific Leaf Area (cm2/g),111.11,NA,11.111,Sylvester and Wein 1981,This can be converted to the units of SLA; NOTE: this data was not collected as surface area but as % cover (refer to methods)
Graminoid,Calamagrostis canadensis,leaves,Subarctic,northern tundra and forest tundra,Bulk density (g/cm3),0.37,NA,NA,Sylvester and Wein 1981,
Graminoid,Eriophorum vaginatum,leaves,Subarctic,northern tundra and forest tundra,Bulk density (g/cm3),0.59,NA,NA,Sylvester and Wein 1981,
EvergreenLeaf,Empetrum nigrum,leaves,Subarctic,northern tundra and forest tundra,Bulk density (g/cm3),0.7,NA,NA,Sylvester and Wein 1981,
EvergreenLeaf,Empetrum nigrum,stems,Subarctic,northern tundra and forest tundra,Bulk density (g/cm3),0.79,NA,NA,Sylvester and Wein 1981,
EvergreenLeaf,Ledum palustre,leaves,Subarctic,northern tundra and forest tundra,Bulk density (g/cm3),0.51,NA,NA,Sylvester and Wein 1981,
EvergreenLeaf,Ledum palustre,stems,Subarctic,northern tundra and forest tundra,Bulk density (g/cm3),0.56,NA,NA,Sylvester and Wein 1981,
Lichen,Cladonia spp.,,Subarctic,northern tundra and forest tundra,Bulk density (g/cm3),0.48,NA,NA,Sylvester and Wein 1981,
EvergreenLeaf,Vaccinium vitis-idaea,leaves,Subarctic,northern tundra and forest tundra,Bulk density (g/cm3),0.51,NA,NA,Sylvester and Wein 1981,
EvergreenLeaf,Vaccinium vitis-idaea,stems,Subarctic,northern tundra and forest tundra,Bulk density (g/cm3),0.94,NA,NA,Sylvester and Wein 1981,
DeciduousLeaf,Vaccinium uliginosum,leaves,Subarctic,northern tundra and forest tundra,Bulk density (g/cm3),0.39,NA,NA,Sylvester and Wein 1981,
DeciduousLeaf,Vaccinium uliginosum,stems,Subarctic,northern tundra and forest tundra,Bulk density (g/cm3),0.68,NA,NA,Sylvester and Wein 1981,
DeciduousLeaf,Betula glandulosa,leaves,Subarctic,northern tundra and forest tundra,Bulk density (g/cm3),0.34,NA,NA,Sylvester and Wein 1981,
DeciduousLeaf,Betula glandulosa,stems,Subarctic,northern tundra and forest tundra,Bulk density (g/cm3),0.65,NA,NA,Sylvester and Wein 1981,
TallDeciduousShrub,Salix glauca,leaves,Subarctic,northern tundra and forest tundra,Bulk density (g/cm3),0.45,NA,NA,Sylvester and Wein 1981,
TallDeciduousShrub,Salix glauca,stems,Subarctic,northern tundra and forest tundra,Bulk density (g/cm3),0.7,NA,NA,Sylvester and Wein 1981,
TallDeciduousShrub,Alnus crispa,leaves,Subarctic,northern tundra and forest tundra,Bulk density (g/cm3),0.34,NA,NA,Sylvester and Wein 1981,
TallDeciduousShrub,Alnus crispa,stems,Subarctic,northern tundra and forest tundra,Bulk density (g/cm3),0.59,NA,NA,Sylvester and Wein 1981,
SphagnumMoss,Sphagnum spp.,,Subarctic,northern tundra and forest tundra,Bulk density (g/cm3),0.4,NA,NA,Sylvester and Wein 1981,
Forb,Chamerian angustifolium,leaves,Subarctic,northern tundra and forest tundra,Bulk density (g/cm3),0.37,NA,NA,Sylvester and Wein 1981,
Forb,Chamerian angustifolium,stems,Subarctic,northern tundra and forest tundra,Bulk density (g/cm3),0.56,NA,NA,Sylvester and Wein 1981,
Forb,Chamerian angustifolium,litter,Subarctic,northern tundra and forest tundra,Bulk density (g/cm3),0.56,NA,NA,Sylvester and Wein 1981,
FeatherMoss,Aulocomium palustre,,Boreal,boreal forest,Specific Leaf Area (cm2/g),135.1,25.8,13.51,Bond-Lamberty and Gower 2006,"Measured in a poorly drained, 41 year old boreal forest"
FeatherMoss,Aulocomium palustre,,Boreal,boreal forest,Specific Leaf Area (cm2/g),206.3,19.5,20.63,Bond-Lamberty and Gower 2006,"Measured in a poorly drained, 75 year old boreal forest"
FeatherMoss,Aulocomium palustre,,Boreal,boreal forest,Specific Leaf Area (cm2/g),212.8,19.1,21.28,Bond-Lamberty and Gower 2006,"Measured in a poorly drained, 155 year old boreal forest"
FeatherMoss,Hylacomium splendens,,Boreal,boreal forest,Specific Leaf Area (cm2/g),145,13.9,14.5,Bond-Lamberty and Gower 2006,"Measured in a well drained, 41 year old boreal forest"
FeatherMoss,Hylacomium splendens,,Boreal,boreal forest,Specific Leaf Area (cm2/g),157.6,40.6,15.76,Bond-Lamberty and Gower 2006,"Measured in a well drained, 75 year old boreal forest"
FeatherMoss,Hylacomium splendens,,Boreal,boreal forest,Specific Leaf Area (cm2/g),152.5,16.8,15.25,Bond-Lamberty and Gower 2006,"Measured in a well drained, 155 year old boreal forest"
FeatherMoss,Pleurozium schreberi,,Boreal,boreal forest,Specific Leaf Area (cm2/g),262.1,43.3,26.21,Bond-Lamberty and Gower 2006,"Measured in a well drained, 41 year old boreal forest"
FeatherMoss,Pleurozium schreberi,,Boreal,boreal forest,Specific Leaf Area (cm2/g),196.8,40.6,19.68,Bond-Lamberty and Gower 2006,"Measured in a well drained, 75 year old boreal forest"
FeatherMoss,Pleurozium schreberi,,Boreal,boreal forest,Specific Leaf Area (cm2/g),152.5,16.8,15.25,Bond-Lamberty and Gower 2006,"Measured in a well drained, 155 year old boreal forest"
FeatherMoss,Pleurozium schreberi,,Boreal,boreal forest,Specific Leaf Area (cm2/g),242.8,15.1,24.28,Bond-Lamberty and Gower 2006,"Measured in a poorly drained, 75 year old boreal forest"
FeatherMoss,Pleurozium schreberi,,Boreal,boreal forest,Specific Leaf Area (cm2/g),196.9,14,19.69,Bond-Lamberty and Gower 2006,"Measured in a poorly drained, 155 year old boreal forest"
FeatherMoss,Ptilium crista-castrensis,,Boreal,boreal forest,Specific Leaf Area (cm2/g),223.6,27.6,22.36,Bond-Lamberty and Gower 2006,"Measured in a well drained, 75 year old boreal forest"
SphagnumMoss,Sphagnum capillifolium,,Boreal,boreal forest,Specific Leaf Area (cm2/g),472.9,73.6,47.29,Bond-Lamberty and Gower 2006,"Measured in a poorly drained, 41 year old boreal forest"
SphagnumMoss,Sphagnum capillifolium,,Boreal,boreal forest,Specific Leaf Area (cm2/g),454.3,50.8,45.43,Bond-Lamberty and Gower 2006,"Measured in a poorly drained, 75 year old boreal forest"
SphagnumMoss,Sphagnum fuscum,,Boreal,boreal forest,Specific Leaf Area (cm2/g),247.8,31.9,24.78,Bond-Lamberty and Gower 2006,"Measured in a poorly drained, 41 year old boreal forest"
SphagnumMoss,Sphagnum fuscum,,Boreal,boreal forest,Specific Leaf Area (cm2/g),290.4,72.5,29.04,Bond-Lamberty and Gower 2006,"Measured in a poorly drained, 75 year old boreal forest"
SphagnumMoss,Sphagnum riparium,,Boreal,boreal forest,Specific Leaf Area (cm2/g),357.6,60.7,35.76,Bond-Lamberty and Gower 2006,"Measured in a poorly drained, 155 year old boreal forest"
SphagnumMoss,Sphagnum warnstorfii,,Boreal,boreal forest,Specific Leaf Area (cm2/g),362.9,65.6,36.29,Bond-Lamberty and Gower 2006,"Measured in a poorly drained, 75 year old boreal forest"
SphagnumMoss,Sphagnum warnstorfii,,Boreal,boreal forest,Specific Leaf Area (cm2/g),306.9,61.9,30.69,Bond-Lamberty and Gower 2006,"Measured in a poorly drained, 155 year old boreal forest"
DeciduousTree,Populus tremuloides,leaves,Boreal,boreal forest,Specific Leaf Area (m2/kg),17.42,2.21,17.42,Bond-Lamberty et al. 2002,Stand burned in 1989
DeciduousTree,Betula papyrifera,leaves,Boreal,boreal forest,Specific Leaf Area (m2/kg),18.48,2.91,18.48,Bond-Lamberty et al. 2002,Stand burned in 1989
TallDeciduousShrub,Salix spp.,leaves,Boreal,boreal forest,Specific Leaf Area (m2/kg),12.86,2.34,12.86,Bond-Lamberty et al. 2002,Stand burned in 1989
EvergreenTree,Picea mariana,leaves,Boreal,boreal forest,Specific Leaf Area (m2/kg),6.03,0.5,6.03,Bond-Lamberty et al. 2002,Stand burned in 1964; 1 year old leaf; well drained soil
EvergreenTree,Picea mariana,leaves,Boreal,boreal forest,Specific Leaf Area (m2/kg),4.98,0.35,4.98,Bond-Lamberty et al. 2002,Stand burned in 1964; 2-5 year old leaf; well drained soil
EvergreenTree,Picea mariana,leaves,Boreal,boreal forest,Specific Leaf Area (m2/kg),4.57,0.59,4.57,Bond-Lamberty et al. 2002,Stand burned in 1964; 5+ year old leaf; well drained soil
EvergreenTree,Picea mariana,leaves,Boreal,boreal forest,Specific Leaf Area (m2/kg),5.29,0.82,5.29,Bond-Lamberty et al. 2002,Stand burned in 1964; 1 year old leaf; poorly drained soil
EvergreenTree,Picea mariana,leaves,Boreal,boreal forest,Specific Leaf Area (m2/kg),4.24,0.48,4.24,Bond-Lamberty et al. 2002,Stand burned in 1964; 2-5 year old leaf; poorly drained soil
EvergreenTree,Picea mariana,leaves,Boreal,boreal forest,Specific Leaf Area (m2/kg),3.95,0.63,3.95,Bond-Lamberty et al. 2002,Stand burned in 1964; 5+ year old leaf; poorly drained soil
EvergreenTree,Picea mariana,leaves,Boreal,boreal forest,Specific Leaf Area (m2/kg),7.02,0.83,7.02,Bond-Lamberty et al. 2002,Stand burned in 1989; 1 year old leaf
EvergreenTree,Picea mariana,leaves,Boreal,boreal forest,Specific Leaf Area (m2/kg),6.19,0.77,6.19,Bond-Lamberty et al. 2002,Stand burned in 1989; 2-5 year old leaf
EvergreenTree,Picea mariana,leaves,Boreal,boreal forest,Specific Leaf Area (m2/kg),6.09,0.89,6.09,Bond-Lamberty et al. 2002,Stand burned in 1989; 5+ year old leaf
EvergreenTree,Picea mariana,leaves,Boreal,boreal forest,Specific Leaf Area (m2/kg),9.78,1.23,9.78,Bond-Lamberty et al. 2002,Stand burned in 1995; 1 year old leaf
EvergreenTree,Picea mariana,leaves,Boreal,boreal forest,Specific Leaf Area (m2/kg),8.93,1.7,8.93,Bond-Lamberty et al. 2002,Stand burned in 1995; 1 year old leaf
TallDeciduousShrub,Alnus crispa,leaves,Boreal,boreal forest,Specific Leaf Area (m2/kg),21.42,0.96,21.42,Bond-Lamberty et al. 2002,
EvergreenLeaf,Arctostaphylos uva-ursi,leaves,Boreal,boreal forest,Specific Leaf Area (m2/kg),9.28,4.84,9.28,Bond-Lamberty et al. 2002,1 year old leaves
EvergreenLeaf,Arctostaphylos uva-ursi,leaves,Boreal,boreal forest,Specific Leaf Area (m2/kg),8.95,3.86,8.95,Bond-Lamberty et al. 2002,2+ year old leaves
DeciduousLeaf,Betula glandulosa,leaves,Boreal,boreal forest,Specific Leaf Area (m2/kg),15.55,2.27,15.55,Bond-Lamberty et al. 2002,
Forb,Cornus canadensis,leaves,Boreal,boreal forest,Specific Leaf Area (m2/kg),13.56,3.85,13.56,Bond-Lamberty et al. 2002,
Forb,Chamerian angustifolium,leaves,Boreal,boreal forest,Specific Leaf Area (m2/kg),11.17,2.28,11.17,Bond-Lamberty et al. 2002,
EvergreenLeaf,Ledum groenlandicum,leaves,Boreal,boreal forest,Specific Leaf Area (m2/kg),7.82,1.85,7.82,Bond-Lamberty et al. 2002,1 year old leaves
EvergreenLeaf,Ledum groenlandicum,leaves,Boreal,boreal forest,Specific Leaf Area (m2/kg),6.6,1.28,6.6,Bond-Lamberty et al. 2002,2+ year old leaves
Forb,Liliacaeae spp.,leaves,Boreal,boreal forest,Specific Leaf Area (m2/kg),16.53,7.78,16.53,Bond-Lamberty et al. 2002,
DeciduousLeaf,Rosaceae spp.,leaves,Boreal,boreal forest,Specific Leaf Area (m2/kg),18.66,6.93,18.66,Bond-Lamberty et al. 2002,
DeciduousLeaf,Vaccinium myrtilloides,leaves,Boreal,boreal forest,Specific Leaf Area (m2/kg),15.84,3.14,15.84,Bond-Lamberty et al. 2002,
Graminoid,Carex rostrata,leaves,Temperate,fen,Specific Leaf Area (m2/kg),23,NA,23,Aerts et al. 1992,Measured in 1989; low nitrogen treatment (although no sig diffs in SLA between low and high N treatments)
Graminoid,Carex rostrata,leaves,Temperate,fen,Specific Leaf Area (m2/kg),11,NA,11,Aerts et al. 1992,Measured in 1989; low nitrogen treatment (although no sig diffs in SLA between low and high N treatments)
Graminoid,Carex rostrata,leaves,Temperate,fen,Specific Leaf Area (m2/kg),10.8,NA,10.8,Aerts et al. 1992,Measured in 1989; low nitrogen treatment (although no sig diffs in SLA between low and high N treatments)
Graminoid,Carex rostrata,leaves,Temperate,fen,Specific Leaf Area (m2/kg),16.9,NA,16.9,Aerts et al. 1992,Measured in 1989; low nitrogen treatment (although no sig diffs in SLA between low and high N treatments)
Graminoid,Carex rostrata,leaves,Temperate,fen,Specific Leaf Area (m2/kg),14.4,NA,14.4,Aerts et al. 1992,Measured in 1990; low nitrogen treatment (although no sig diffs in SLA between low and high N treatments)
Graminoid,Carex rostrata,leaves,Temperate,fen,Specific Leaf Area (m2/kg),17.8,NA,17.8,Aerts et al. 1992,Measured in 1989; high nitrogen treatment (although no sig diffs in SLA between low and high N treatments)
Graminoid,Carex rostrata,leaves,Temperate,fen,Specific Leaf Area (m2/kg),11.1,NA,11.1,Aerts et al. 1992,Measured in 1989; high nitrogen treatment (although no sig diffs in SLA between low and high N treatments)
Graminoid,Carex rostrata,leaves,Temperate,fen,Specific Leaf Area (m2/kg),14.1,NA,14.1,Aerts et al. 1992,Measured in 1989; high nitrogen treatment (although no sig diffs in SLA between low and high N treatments)
Graminoid,Carex rostrata,leaves,Temperate,fen,Specific Leaf Area (m2/kg),13.1,NA,13.1,Aerts et al. 1992,Measured in 1989; high nitrogen treatment (although no sig diffs in SLA between low and high N treatments)
Graminoid,Carex rostrata,leaves,Temperate,fen,Specific Leaf Area (m2/kg),13.2,NA,13.2,Aerts et al. 1992,Measured in 1990; high nitrogen treatment (although no sig diffs in SLA between low and high N treatments)
FeatherMoss,Aulocomium palustre,,Arctic,,Specific Leaf Area (cm2/g),1291.07,NA,129.107,Michel et al. 2011,"They calculated SA of a cushion by multiplying the mean SA of an individual shoot by the # of shoots in a cushion, then dividing by the dry weight of a cushion to determine SLA; these values were determined from a monoculture of this species, SLA values may differ than when calculated for this species in a polyculture"
FeatherMoss,Dicranum scopraium,,Arctic,,Specific Leaf Area (cm2/g),495.15,NA,49.515,Michel et al. 2011,"They calculated SA of a cushion by multiplying the mean SA of an individual shoot by the # of shoots in a cushion, then dividing by the dry weight of a cushion to determine SLA; these values were determined from a monoculture of this species, SLA values may differ than when calculated for this species in a polyculture"
ColonizerMoss,Lophozia lycopodioides,liverwort,Arctic,,Specific Leaf Area (cm2/g),236.93,NA,23.693,Michel et al. 2011,"They calculated SA of a cushion by multiplying the mean SA of an individual shoot by the # of shoots in a cushion, then dividing by the dry weight of a cushion to determine SLA; these values were determined from a monoculture of this species, SLA values may differ than when calculated for this species in a polyculture"
FeatherMoss,Tomentypnum nitens,,Arctic,,Specific Leaf Area (cm2/g),292.85,NA,29.285,Michel et al. 2011,"They calculated SA of a cushion by multiplying the mean SA of an individual shoot by the # of shoots in a cushion, then dividing by the dry weight of a cushion to determine SLA; these values were determined from a monoculture of this species, SLA values may differ than when calculated for this species in a polyculture"
FeatherMoss,Pleurozium schreberi,,Arctic,,Specific Leaf Area (cm2/g),1201.28,NA,120.128,Michel et al. 2011,"They calculated SA of a cushion by multiplying the mean SA of an individual shoot by the # of shoots in a cushion, then dividing by the dry weight of a cushion to determine SLA; these values were determined from a monoculture of this species, SLA values may differ than when calculated for this species in a polyculture"
FeatherMoss,Hylacomium splendens,,Arctic,,Specific Leaf Area (cm2/g),517.54,NA,51.754,Michel et al. 2011,"They calculated SA of a cushion by multiplying the mean SA of an individual shoot by the # of shoots in a cushion, then dividing by the dry weight of a cushion to determine SLA; these values were determined from a monoculture of this species, SLA values may differ than when calculated for this species in a polyculture"
ColonizerMoss,Polytrichum commune,,Arctic,,Specific Leaf Area (cm2/g),690.56,NA,69.056,Michel et al. 2011,"They calculated SA of a cushion by multiplying the mean SA of an individual shoot by the # of shoots in a cushion, then dividing by the dry weight of a cushion to determine SLA; these values were determined from a monoculture of this species, SLA values may differ than when calculated for this species in a polyculture"
